,img,label_str,label
666,/home/ubuntu/adithya/temp/EAMLA/Computer Vision/diseases/PNEUMONIA_103.png,PNEUMONIA,2
347,/home/ubuntu/adithya/temp/EAMLA/Computer Vision/diseases/COVID_123.png,COVID,0
784,/home/ubuntu/adithya/temp/EAMLA/Computer Vision/diseases/NORMAL_71.png,NORMAL,1
592,/home/ubuntu/adithya/temp/EAMLA/Computer Vision/diseases/PNEUMONIA_169.png,PNEUMONIA,2
582,/home/ubuntu/adithya/temp/EAMLA/Computer Vision/diseases/NORMAL_154.png,NORMAL,1
599,/home/ubuntu/adithya/temp/EAMLA/Computer Vision/diseases/PNEUMONIA_129.png,PNEUMONIA,2
268,/home/ubuntu/adithya/temp/EAMLA/Computer Vision/diseases/COVID_18.png,COVID,0
119,/home/ubuntu/adithya/temp/EAMLA/Computer Vision/diseases/PNEUMONIA_176.png,PNEUMONIA,2
267,/home/ubuntu/adithya/temp/EAMLA/Computer Vision/diseases/NORMAL_178.png,NORMAL,1
191,/home/ubuntu/adithya/temp/EAMLA/Computer Vision/diseases/COVID_87.png,COVID,0
74,/home/ubuntu/adithya/temp/EAMLA/Computer Vision/diseases/NORMAL_282.png,NORMAL,1
785,/home/ubuntu/adithya/temp/EAMLA/Computer Vision/diseases/NORMAL_34.png,NORMAL,1
528,/home/ubuntu/adithya/temp/EAMLA/Computer Vision/diseases/NORMAL_98.png,NORMAL,1
415,/home/ubuntu/adithya/temp/EAMLA/Computer Vision/diseases/COVID_180.png,COVID,0
385,/home/ubuntu/adithya/temp/EAMLA/Computer Vision/diseases/NORMAL_285.png,NORMAL,1
366,/home/ubuntu/adithya/temp/EAMLA/Computer Vision/diseases/PNEUMONIA_141.png,PNEUMONIA,2
827,/home/ubuntu/adithya/temp/EAMLA/Computer Vision/diseases/PNEUMONIA_66.png,PNEUMONIA,2
667,/home/ubuntu/adithya/temp/EAMLA/Computer Vision/diseases/PNEUMONIA_248.png,PNEUMONIA,2
120,/home/ubuntu/adithya/temp/EAMLA/Computer Vision/diseases/COVID_235.png,COVID,0
291,/home/ubuntu/adithya/temp/EAMLA/Computer Vision/diseases/PNEUMONIA_259.png,PNEUMONIA,2
870,/home/ubuntu/adithya/temp/EAMLA/Computer Vision/diseases/PNEUMONIA_89.png,PNEUMONIA,2
265,/home/ubuntu/adithya/temp/EAMLA/Computer Vision/diseases/COVID_7.png,COVID,0
571,/home/ubuntu/adithya/temp/EAMLA/Computer Vision/diseases/NORMAL_268.png,NORMAL,1
241,/home/ubuntu/adithya/temp/EAMLA/Computer Vision/diseases/PNEUMONIA_262.png,PNEUMONIA,2
177,/home/ubuntu/adithya/temp/EAMLA/Computer Vision/diseases/NORMAL_294.png,NORMAL,1
602,/home/ubuntu/adithya/temp/EAMLA/Computer Vision/diseases/COVID_82.png,COVID,0
185,/home/ubuntu/adithya/temp/EAMLA/Computer Vision/diseases/PNEUMONIA_271.png,PNEUMONIA,2
350,/home/ubuntu/adithya/temp/EAMLA/Computer Vision/diseases/NORMAL_37.png,NORMAL,1
622,/home/ubuntu/adithya/temp/EAMLA/Computer Vision/diseases/NORMAL_266.png,NORMAL,1
429,/home/ubuntu/adithya/temp/EAMLA/Computer Vision/diseases/PNEUMONIA_143.png,PNEUMONIA,2
274,/home/ubuntu/adithya/temp/EAMLA/Computer Vision/diseases/COVID_20.png,COVID,0
329,/home/ubuntu/adithya/temp/EAMLA/Computer Vision/diseases/COVID_131.png,COVID,0
61,/home/ubuntu/adithya/temp/EAMLA/Computer Vision/diseases/NORMAL_199.png,NORMAL,1
750,/home/ubuntu/adithya/temp/EAMLA/Computer Vision/diseases/NORMAL_118.png,NORMAL,1
364,/home/ubuntu/adithya/temp/EAMLA/Computer Vision/diseases/PNEUMONIA_146.png,PNEUMONIA,2
603,/home/ubuntu/adithya/temp/EAMLA/Computer Vision/diseases/COVID_103.png,COVID,0
605,/home/ubuntu/adithya/temp/EAMLA/Computer Vision/diseases/PNEUMONIA_272.png,PNEUMONIA,2
447,/home/ubuntu/adithya/temp/EAMLA/Computer Vision/diseases/NORMAL_105.png,NORMAL,1
579,/home/ubuntu/adithya/temp/EAMLA/Computer Vision/diseases/COVID_167.png,COVID,0
720,/home/ubuntu/adithya/temp/EAMLA/Computer Vision/diseases/PNEUMONIA_24.png,PNEUMONIA,2
135,/home/ubuntu/adithya/temp/EAMLA/Computer Vision/diseases/PNEUMONIA_157.png,PNEUMONIA,2
383,/home/ubuntu/adithya/temp/EAMLA/Computer Vision/diseases/PNEUMONIA_167.png,PNEUMONIA,2
669,/home/ubuntu/adithya/temp/EAMLA/Computer Vision/diseases/COVID_56.png,COVID,0
760,/home/ubuntu/adithya/temp/EAMLA/Computer Vision/diseases/NORMAL_286.png,NORMAL,1
134,/home/ubuntu/adithya/temp/EAMLA/Computer Vision/diseases/NORMAL_164.png,NORMAL,1
654,/home/ubuntu/adithya/temp/EAMLA/Computer Vision/diseases/COVID_80.png,COVID,0
104,/home/ubuntu/adithya/temp/EAMLA/Computer Vision/diseases/PNEUMONIA_192.png,PNEUMONIA,2
419,/home/ubuntu/adithya/temp/EAMLA/Computer Vision/diseases/PNEUMONIA_191.png,PNEUMONIA,2
457,/home/ubuntu/adithya/temp/EAMLA/Computer Vision/diseases/NORMAL_249.png,NORMAL,1
57,/home/ubuntu/adithya/temp/EAMLA/Computer Vision/diseases/COVID_149.png,COVID,0
739,/home/ubuntu/adithya/temp/EAMLA/Computer Vision/diseases/NORMAL_60.png,NORMAL,1
551,/home/ubuntu/adithya/temp/EAMLA/Computer Vision/diseases/NORMAL_217.png,NORMAL,1
819,/home/ubuntu/adithya/temp/EAMLA/Computer Vision/diseases/PNEUMONIA_128.png,PNEUMONIA,2
311,/home/ubuntu/adithya/temp/EAMLA/Computer Vision/diseases/PNEUMONIA_78.png,PNEUMONIA,2
318,/home/ubuntu/adithya/temp/EAMLA/Computer Vision/diseases/PNEUMONIA_216.png,PNEUMONIA,2
671,/home/ubuntu/adithya/temp/EAMLA/Computer Vision/diseases/PNEUMONIA_154.png,PNEUMONIA,2
248,/home/ubuntu/adithya/temp/EAMLA/Computer Vision/diseases/COVID_61.png,COVID,0
884,/home/ubuntu/adithya/temp/EAMLA/Computer Vision/diseases/COVID_129.png,COVID,0
573,/home/ubuntu/adithya/temp/EAMLA/Computer Vision/diseases/PNEUMONIA_258.png,PNEUMONIA,2
354,/home/ubuntu/adithya/temp/EAMLA/Computer Vision/diseases/PNEUMONIA_102.png,PNEUMONIA,2
35,/home/ubuntu/adithya/temp/EAMLA/Computer Vision/diseases/PNEUMONIA_48.png,PNEUMONIA,2
46,/home/ubuntu/adithya/temp/EAMLA/Computer Vision/diseases/PNEUMONIA_81.png,PNEUMONIA,2
484,/home/ubuntu/adithya/temp/EAMLA/Computer Vision/diseases/PNEUMONIA_226.png,PNEUMONIA,2
700,/home/ubuntu/adithya/temp/EAMLA/Computer Vision/diseases/COVID_248.png,COVID,0
756,/home/ubuntu/adithya/temp/EAMLA/Computer Vision/diseases/COVID_66.png,COVID,0
41,/home/ubuntu/adithya/temp/EAMLA/Computer Vision/diseases/COVID_245.png,COVID,0
224,/home/ubuntu/adithya/temp/EAMLA/Computer Vision/diseases/NORMAL_215.png,NORMAL,1
652,/home/ubuntu/adithya/temp/EAMLA/Computer Vision/diseases/PNEUMONIA_298.png,PNEUMONIA,2
125,/home/ubuntu/adithya/temp/EAMLA/Computer Vision/diseases/NORMAL_102.png,NORMAL,1
487,/home/ubuntu/adithya/temp/EAMLA/Computer Vision/diseases/COVID_168.png,COVID,0
663,/home/ubuntu/adithya/temp/EAMLA/Computer Vision/diseases/COVID_147.png,COVID,0
108,/home/ubuntu/adithya/temp/EAMLA/Computer Vision/diseases/COVID_220.png,COVID,0
802,/home/ubuntu/adithya/temp/EAMLA/Computer Vision/diseases/COVID_211.png,COVID,0
897,/home/ubuntu/adithya/temp/EAMLA/Computer Vision/diseases/NORMAL_211.png,NORMAL,1
110,/home/ubuntu/adithya/temp/EAMLA/Computer Vision/diseases/PNEUMONIA_56.png,PNEUMONIA,2
747,/home/ubuntu/adithya/temp/EAMLA/Computer Vision/diseases/COVID_148.png,COVID,0
0,/home/ubuntu/adithya/temp/EAMLA/Computer Vision/diseases/PNEUMONIA_219.png,PNEUMONIA,2
66,/home/ubuntu/adithya/temp/EAMLA/Computer Vision/diseases/PNEUMONIA_62.png,PNEUMONIA,2
535,/home/ubuntu/adithya/temp/EAMLA/Computer Vision/diseases/PNEUMONIA_94.png,PNEUMONIA,2
875,/home/ubuntu/adithya/temp/EAMLA/Computer Vision/diseases/NORMAL_223.png,NORMAL,1
286,/home/ubuntu/adithya/temp/EAMLA/Computer Vision/diseases/PNEUMONIA_137.png,PNEUMONIA,2
516,/home/ubuntu/adithya/temp/EAMLA/Computer Vision/diseases/NORMAL_182.png,NORMAL,1
597,/home/ubuntu/adithya/temp/EAMLA/Computer Vision/diseases/NORMAL_10.png,NORMAL,1
607,/home/ubuntu/adithya/temp/EAMLA/Computer Vision/diseases/PNEUMONIA_291.png,PNEUMONIA,2
662,/home/ubuntu/adithya/temp/EAMLA/Computer Vision/diseases/COVID_283.png,COVID,0
245,/home/ubuntu/adithya/temp/EAMLA/Computer Vision/diseases/PNEUMONIA_130.png,PNEUMONIA,2
257,/home/ubuntu/adithya/temp/EAMLA/Computer Vision/diseases/COVID_50.png,COVID,0
161,/home/ubuntu/adithya/temp/EAMLA/Computer Vision/diseases/NORMAL_21.png,NORMAL,1
894,/home/ubuntu/adithya/temp/EAMLA/Computer Vision/diseases/PNEUMONIA_135.png,PNEUMONIA,2
705,/home/ubuntu/adithya/temp/EAMLA/Computer Vision/diseases/NORMAL_78.png,NORMAL,1
507,/home/ubuntu/adithya/temp/EAMLA/Computer Vision/diseases/COVID_286.png,COVID,0
345,/home/ubuntu/adithya/temp/EAMLA/Computer Vision/diseases/COVID_37.png,COVID,0
769,/home/ubuntu/adithya/temp/EAMLA/Computer Vision/diseases/PNEUMONIA_113.png,PNEUMONIA,2
581,/home/ubuntu/adithya/temp/EAMLA/Computer Vision/diseases/NORMAL_228.png,NORMAL,1
247,/home/ubuntu/adithya/temp/EAMLA/Computer Vision/diseases/PNEUMONIA_27.png,PNEUMONIA,2
455,/home/ubuntu/adithya/temp/EAMLA/Computer Vision/diseases/COVID_163.png,COVID,0
239,/home/ubuntu/adithya/temp/EAMLA/Computer Vision/diseases/NORMAL_289.png,NORMAL,1
483,/home/ubuntu/adithya/temp/EAMLA/Computer Vision/diseases/PNEUMONIA_30.png,PNEUMONIA,2
92,/home/ubuntu/adithya/temp/EAMLA/Computer Vision/diseases/NORMAL_176.png,NORMAL,1
114,/home/ubuntu/adithya/temp/EAMLA/Computer Vision/diseases/NORMAL_84.png,NORMAL,1
883,/home/ubuntu/adithya/temp/EAMLA/Computer Vision/diseases/NORMAL_175.png,NORMAL,1
76,/home/ubuntu/adithya/temp/EAMLA/Computer Vision/diseases/COVID_284.png,COVID,0
885,/home/ubuntu/adithya/temp/EAMLA/Computer Vision/diseases/COVID_190.png,COVID,0
744,/home/ubuntu/adithya/temp/EAMLA/Computer Vision/diseases/COVID_172.png,COVID,0
132,/home/ubuntu/adithya/temp/EAMLA/Computer Vision/diseases/PNEUMONIA_106.png,PNEUMONIA,2
412,/home/ubuntu/adithya/temp/EAMLA/Computer Vision/diseases/PNEUMONIA_225.png,PNEUMONIA,2
289,/home/ubuntu/adithya/temp/EAMLA/Computer Vision/diseases/PNEUMONIA_145.png,PNEUMONIA,2
58,/home/ubuntu/adithya/temp/EAMLA/Computer Vision/diseases/COVID_35.png,COVID,0
246,/home/ubuntu/adithya/temp/EAMLA/Computer Vision/diseases/NORMAL_133.png,NORMAL,1
703,/home/ubuntu/adithya/temp/EAMLA/Computer Vision/diseases/PNEUMONIA_92.png,PNEUMONIA,2
783,/home/ubuntu/adithya/temp/EAMLA/Computer Vision/diseases/COVID_63.png,COVID,0
40,/home/ubuntu/adithya/temp/EAMLA/Computer Vision/diseases/NORMAL_238.png,NORMAL,1
89,/home/ubuntu/adithya/temp/EAMLA/Computer Vision/diseases/PNEUMONIA_73.png,PNEUMONIA,2
482,/home/ubuntu/adithya/temp/EAMLA/Computer Vision/diseases/NORMAL_271.png,NORMAL,1
593,/home/ubuntu/adithya/temp/EAMLA/Computer Vision/diseases/NORMAL_31.png,NORMAL,1
68,/home/ubuntu/adithya/temp/EAMLA/Computer Vision/diseases/COVID_210.png,COVID,0
836,/home/ubuntu/adithya/temp/EAMLA/Computer Vision/diseases/PNEUMONIA_37.png,PNEUMONIA,2
139,/home/ubuntu/adithya/temp/EAMLA/Computer Vision/diseases/PNEUMONIA_264.png,PNEUMONIA,2
704,/home/ubuntu/adithya/temp/EAMLA/Computer Vision/diseases/NORMAL_137.png,NORMAL,1
118,/home/ubuntu/adithya/temp/EAMLA/Computer Vision/diseases/COVID_15.png,COVID,0
437,/home/ubuntu/adithya/temp/EAMLA/Computer Vision/diseases/COVID_196.png,COVID,0
832,/home/ubuntu/adithya/temp/EAMLA/Computer Vision/diseases/NORMAL_142.png,NORMAL,1
421,/home/ubuntu/adithya/temp/EAMLA/Computer Vision/diseases/NORMAL_193.png,NORMAL,1
650,/home/ubuntu/adithya/temp/EAMLA/Computer Vision/diseases/COVID_198.png,COVID,0
344,/home/ubuntu/adithya/temp/EAMLA/Computer Vision/diseases/COVID_237.png,COVID,0
840,/home/ubuntu/adithya/temp/EAMLA/Computer Vision/diseases/NORMAL_72.png,NORMAL,1
530,/home/ubuntu/adithya/temp/EAMLA/Computer Vision/diseases/NORMAL_256.png,NORMAL,1
14,/home/ubuntu/adithya/temp/EAMLA/Computer Vision/diseases/PNEUMONIA_23.png,PNEUMONIA,2
82,/home/ubuntu/adithya/temp/EAMLA/Computer Vision/diseases/PNEUMONIA_83.png,PNEUMONIA,2
718,/home/ubuntu/adithya/temp/EAMLA/Computer Vision/diseases/NORMAL_76.png,NORMAL,1
740,/home/ubuntu/adithya/temp/EAMLA/Computer Vision/diseases/NORMAL_153.png,NORMAL,1
88,/home/ubuntu/adithya/temp/EAMLA/Computer Vision/diseases/PNEUMONIA_72.png,PNEUMONIA,2
273,/home/ubuntu/adithya/temp/EAMLA/Computer Vision/diseases/COVID_166.png,COVID,0
172,/home/ubuntu/adithya/temp/EAMLA/Computer Vision/diseases/COVID_277.png,COVID,0
522,/home/ubuntu/adithya/temp/EAMLA/Computer Vision/diseases/NORMAL_255.png,NORMAL,1
103,/home/ubuntu/adithya/temp/EAMLA/Computer Vision/diseases/COVID_88.png,COVID,0
673,/home/ubuntu/adithya/temp/EAMLA/Computer Vision/diseases/NORMAL_218.png,NORMAL,1
349,/home/ubuntu/adithya/temp/EAMLA/Computer Vision/diseases/NORMAL_90.png,NORMAL,1
45,/home/ubuntu/adithya/temp/EAMLA/Computer Vision/diseases/PNEUMONIA_211.png,PNEUMONIA,2
559,/home/ubuntu/adithya/temp/EAMLA/Computer Vision/diseases/PNEUMONIA_254.png,PNEUMONIA,2
443,/home/ubuntu/adithya/temp/EAMLA/Computer Vision/diseases/PNEUMONIA_5.png,PNEUMONIA,2
546,/home/ubuntu/adithya/temp/EAMLA/Computer Vision/diseases/NORMAL_281.png,NORMAL,1
647,/home/ubuntu/adithya/temp/EAMLA/Computer Vision/diseases/COVID_266.png,COVID,0
11,/home/ubuntu/adithya/temp/EAMLA/Computer Vision/diseases/COVID_224.png,COVID,0
214,/home/ubuntu/adithya/temp/EAMLA/Computer Vision/diseases/NORMAL_243.png,NORMAL,1
643,/home/ubuntu/adithya/temp/EAMLA/Computer Vision/diseases/NORMAL_148.png,NORMAL,1
147,/home/ubuntu/adithya/temp/EAMLA/Computer Vision/diseases/COVID_45.png,COVID,0
299,/home/ubuntu/adithya/temp/EAMLA/Computer Vision/diseases/PNEUMONIA_16.png,PNEUMONIA,2
509,/home/ubuntu/adithya/temp/EAMLA/Computer Vision/diseases/PNEUMONIA_22.png,PNEUMONIA,2
664,/home/ubuntu/adithya/temp/EAMLA/Computer Vision/diseases/NORMAL_141.png,NORMAL,1
726,/home/ubuntu/adithya/temp/EAMLA/Computer Vision/diseases/COVID_158.png,COVID,0
781,/home/ubuntu/adithya/temp/EAMLA/Computer Vision/diseases/PNEUMONIA_97.png,PNEUMONIA,2
763,/home/ubuntu/adithya/temp/EAMLA/Computer Vision/diseases/PNEUMONIA_269.png,PNEUMONIA,2
426,/home/ubuntu/adithya/temp/EAMLA/Computer Vision/diseases/NORMAL_224.png,NORMAL,1
173,/home/ubuntu/adithya/temp/EAMLA/Computer Vision/diseases/COVID_294.png,COVID,0
463,/home/ubuntu/adithya/temp/EAMLA/Computer Vision/diseases/COVID_222.png,COVID,0
226,/home/ubuntu/adithya/temp/EAMLA/Computer Vision/diseases/PNEUMONIA_300.png,PNEUMONIA,2
305,/home/ubuntu/adithya/temp/EAMLA/Computer Vision/diseases/NORMAL_260.png,NORMAL,1
31,/home/ubuntu/adithya/temp/EAMLA/Computer Vision/diseases/PNEUMONIA_116.png,PNEUMONIA,2
404,/home/ubuntu/adithya/temp/EAMLA/Computer Vision/diseases/COVID_27.png,COVID,0
813,/home/ubuntu/adithya/temp/EAMLA/Computer Vision/diseases/COVID_258.png,COVID,0
537,/home/ubuntu/adithya/temp/EAMLA/Computer Vision/diseases/PNEUMONIA_54.png,PNEUMONIA,2
285,/home/ubuntu/adithya/temp/EAMLA/Computer Vision/diseases/NORMAL_191.png,NORMAL,1
370,/home/ubuntu/adithya/temp/EAMLA/Computer Vision/diseases/PNEUMONIA_284.png,PNEUMONIA,2
824,/home/ubuntu/adithya/temp/EAMLA/Computer Vision/diseases/NORMAL_177.png,NORMAL,1
116,/home/ubuntu/adithya/temp/EAMLA/Computer Vision/diseases/COVID_122.png,COVID,0
355,/home/ubuntu/adithya/temp/EAMLA/Computer Vision/diseases/COVID_186.png,COVID,0
95,/home/ubuntu/adithya/temp/EAMLA/Computer Vision/diseases/NORMAL_181.png,NORMAL,1
435,/home/ubuntu/adithya/temp/EAMLA/Computer Vision/diseases/NORMAL_293.png,NORMAL,1
686,/home/ubuntu/adithya/temp/EAMLA/Computer Vision/diseases/NORMAL_185.png,NORMAL,1
849,/home/ubuntu/adithya/temp/EAMLA/Computer Vision/diseases/NORMAL_274.png,NORMAL,1
430,/home/ubuntu/adithya/temp/EAMLA/Computer Vision/diseases/NORMAL_189.png,NORMAL,1
473,/home/ubuntu/adithya/temp/EAMLA/Computer Vision/diseases/NORMAL_216.png,NORMAL,1
601,/home/ubuntu/adithya/temp/EAMLA/Computer Vision/diseases/PNEUMONIA_168.png,PNEUMONIA,2
62,/home/ubuntu/adithya/temp/EAMLA/Computer Vision/diseases/COVID_151.png,COVID,0
204,/home/ubuntu/adithya/temp/EAMLA/Computer Vision/diseases/PNEUMONIA_240.png,PNEUMONIA,2
619,/home/ubuntu/adithya/temp/EAMLA/Computer Vision/diseases/PNEUMONIA_98.png,PNEUMONIA,2
184,/home/ubuntu/adithya/temp/EAMLA/Computer Vision/diseases/COVID_100.png,COVID,0
91,/home/ubuntu/adithya/temp/EAMLA/Computer Vision/diseases/COVID_114.png,COVID,0
850,/home/ubuntu/adithya/temp/EAMLA/Computer Vision/diseases/COVID_16.png,COVID,0
479,/home/ubuntu/adithya/temp/EAMLA/Computer Vision/diseases/PNEUMONIA_295.png,PNEUMONIA,2
346,/home/ubuntu/adithya/temp/EAMLA/Computer Vision/diseases/NORMAL_9.png,NORMAL,1
375,/home/ubuntu/adithya/temp/EAMLA/Computer Vision/diseases/COVID_269.png,COVID,0
729,/home/ubuntu/adithya/temp/EAMLA/Computer Vision/diseases/PNEUMONIA_245.png,PNEUMONIA,2
29,/home/ubuntu/adithya/temp/EAMLA/Computer Vision/diseases/COVID_81.png,COVID,0
54,/home/ubuntu/adithya/temp/EAMLA/Computer Vision/diseases/NORMAL_229.png,NORMAL,1
565,/home/ubuntu/adithya/temp/EAMLA/Computer Vision/diseases/COVID_178.png,COVID,0
640,/home/ubuntu/adithya/temp/EAMLA/Computer Vision/diseases/NORMAL_5.png,NORMAL,1
495,/home/ubuntu/adithya/temp/EAMLA/Computer Vision/diseases/COVID_65.png,COVID,0
146,/home/ubuntu/adithya/temp/EAMLA/Computer Vision/diseases/PNEUMONIA_122.png,PNEUMONIA,2
221,/home/ubuntu/adithya/temp/EAMLA/Computer Vision/diseases/COVID_17.png,COVID,0
625,/home/ubuntu/adithya/temp/EAMLA/Computer Vision/diseases/PNEUMONIA_275.png,PNEUMONIA,2
690,/home/ubuntu/adithya/temp/EAMLA/Computer Vision/diseases/NORMAL_116.png,NORMAL,1
637,/home/ubuntu/adithya/temp/EAMLA/Computer Vision/diseases/NORMAL_187.png,NORMAL,1
506,/home/ubuntu/adithya/temp/EAMLA/Computer Vision/diseases/COVID_231.png,COVID,0
359,/home/ubuntu/adithya/temp/EAMLA/Computer Vision/diseases/PNEUMONIA_95.png,PNEUMONIA,2
439,/home/ubuntu/adithya/temp/EAMLA/Computer Vision/diseases/COVID_194.png,COVID,0
165,/home/ubuntu/adithya/temp/EAMLA/Computer Vision/diseases/COVID_274.png,COVID,0
284,/home/ubuntu/adithya/temp/EAMLA/Computer Vision/diseases/COVID_102.png,COVID,0
80,/home/ubuntu/adithya/temp/EAMLA/Computer Vision/diseases/COVID_249.png,COVID,0
227,/home/ubuntu/adithya/temp/EAMLA/Computer Vision/diseases/COVID_90.png,COVID,0
353,/home/ubuntu/adithya/temp/EAMLA/Computer Vision/diseases/NORMAL_233.png,NORMAL,1
310,/home/ubuntu/adithya/temp/EAMLA/Computer Vision/diseases/NORMAL_221.png,NORMAL,1
259,/home/ubuntu/adithya/temp/EAMLA/Computer Vision/diseases/NORMAL_163.png,NORMAL,1
323,/home/ubuntu/adithya/temp/EAMLA/Computer Vision/diseases/PNEUMONIA_118.png,PNEUMONIA,2
9,/home/ubuntu/adithya/temp/EAMLA/Computer Vision/diseases/NORMAL_42.png,NORMAL,1
612,/home/ubuntu/adithya/temp/EAMLA/Computer Vision/diseases/NORMAL_160.png,NORMAL,1
893,/home/ubuntu/adithya/temp/EAMLA/Computer Vision/diseases/COVID_169.png,COVID,0
822,/home/ubuntu/adithya/temp/EAMLA/Computer Vision/diseases/PNEUMONIA_111.png,PNEUMONIA,2
179,/home/ubuntu/adithya/temp/EAMLA/Computer Vision/diseases/NORMAL_262.png,NORMAL,1
27,/home/ubuntu/adithya/temp/EAMLA/Computer Vision/diseases/PNEUMONIA_223.png,PNEUMONIA,2
811,/home/ubuntu/adithya/temp/EAMLA/Computer Vision/diseases/NORMAL_200.png,NORMAL,1
578,/home/ubuntu/adithya/temp/EAMLA/Computer Vision/diseases/NORMAL_236.png,NORMAL,1
361,/home/ubuntu/adithya/temp/EAMLA/Computer Vision/diseases/PNEUMONIA_233.png,PNEUMONIA,2
293,/home/ubuntu/adithya/temp/EAMLA/Computer Vision/diseases/NORMAL_119.png,NORMAL,1
863,/home/ubuntu/adithya/temp/EAMLA/Computer Vision/diseases/NORMAL_288.png,NORMAL,1
5,/home/ubuntu/adithya/temp/EAMLA/Computer Vision/diseases/NORMAL_156.png,NORMAL,1
197,/home/ubuntu/adithya/temp/EAMLA/Computer Vision/diseases/NORMAL_280.png,NORMAL,1
708,/home/ubuntu/adithya/temp/EAMLA/Computer Vision/diseases/PNEUMONIA_232.png,PNEUMONIA,2
392,/home/ubuntu/adithya/temp/EAMLA/Computer Vision/diseases/COVID_142.png,COVID,0
745,/home/ubuntu/adithya/temp/EAMLA/Computer Vision/diseases/NORMAL_23.png,NORMAL,1
758,/home/ubuntu/adithya/temp/EAMLA/Computer Vision/diseases/NORMAL_270.png,NORMAL,1
261,/home/ubuntu/adithya/temp/EAMLA/Computer Vision/diseases/NORMAL_231.png,NORMAL,1
702,/home/ubuntu/adithya/temp/EAMLA/Computer Vision/diseases/PNEUMONIA_150.png,PNEUMONIA,2
122,/home/ubuntu/adithya/temp/EAMLA/Computer Vision/diseases/PNEUMONIA_26.png,PNEUMONIA,2
570,/home/ubuntu/adithya/temp/EAMLA/Computer Vision/diseases/COVID_183.png,COVID,0
378,/home/ubuntu/adithya/temp/EAMLA/Computer Vision/diseases/NORMAL_64.png,NORMAL,1
38,/home/ubuntu/adithya/temp/EAMLA/Computer Vision/diseases/PNEUMONIA_46.png,PNEUMONIA,2
358,/home/ubuntu/adithya/temp/EAMLA/Computer Vision/diseases/COVID_33.png,COVID,0
794,/home/ubuntu/adithya/temp/EAMLA/Computer Vision/diseases/COVID_176.png,COVID,0
334,/home/ubuntu/adithya/temp/EAMLA/Computer Vision/diseases/PNEUMONIA_11.png,PNEUMONIA,2
504,/home/ubuntu/adithya/temp/EAMLA/Computer Vision/diseases/COVID_287.png,COVID,0
691,/home/ubuntu/adithya/temp/EAMLA/Computer Vision/diseases/COVID_23.png,COVID,0
162,/home/ubuntu/adithya/temp/EAMLA/Computer Vision/diseases/PNEUMONIA_163.png,PNEUMONIA,2
67,/home/ubuntu/adithya/temp/EAMLA/Computer Vision/diseases/NORMAL_252.png,NORMAL,1
124,/home/ubuntu/adithya/temp/EAMLA/Computer Vision/diseases/NORMAL_232.png,NORMAL,1
39,/home/ubuntu/adithya/temp/EAMLA/Computer Vision/diseases/COVID_58.png,COVID,0
4,/home/ubuntu/adithya/temp/EAMLA/Computer Vision/diseases/NORMAL_107.png,NORMAL,1
33,/home/ubuntu/adithya/temp/EAMLA/Computer Vision/diseases/PNEUMONIA_91.png,PNEUMONIA,2
512,/home/ubuntu/adithya/temp/EAMLA/Computer Vision/diseases/PNEUMONIA_173.png,PNEUMONIA,2
403,/home/ubuntu/adithya/temp/EAMLA/Computer Vision/diseases/NORMAL_241.png,NORMAL,1
709,/home/ubuntu/adithya/temp/EAMLA/Computer Vision/diseases/COVID_152.png,COVID,0
335,/home/ubuntu/adithya/temp/EAMLA/Computer Vision/diseases/NORMAL_250.png,NORMAL,1
280,/home/ubuntu/adithya/temp/EAMLA/Computer Vision/diseases/COVID_79.png,COVID,0
734,/home/ubuntu/adithya/temp/EAMLA/Computer Vision/diseases/COVID_10.png,COVID,0
99,/home/ubuntu/adithya/temp/EAMLA/Computer Vision/diseases/PNEUMONIA_127.png,PNEUMONIA,2
698,/home/ubuntu/adithya/temp/EAMLA/Computer Vision/diseases/NORMAL_206.png,NORMAL,1
678,/home/ubuntu/adithya/temp/EAMLA/Computer Vision/diseases/NORMAL_131.png,NORMAL,1
236,/home/ubuntu/adithya/temp/EAMLA/Computer Vision/diseases/COVID_226.png,COVID,0
427,/home/ubuntu/adithya/temp/EAMLA/Computer Vision/diseases/NORMAL_263.png,NORMAL,1
519,/home/ubuntu/adithya/temp/EAMLA/Computer Vision/diseases/COVID_209.png,COVID,0
560,/home/ubuntu/adithya/temp/EAMLA/Computer Vision/diseases/COVID_132.png,COVID,0
553,/home/ubuntu/adithya/temp/EAMLA/Computer Vision/diseases/COVID_256.png,COVID,0
828,/home/ubuntu/adithya/temp/EAMLA/Computer Vision/diseases/PNEUMONIA_64.png,PNEUMONIA,2
486,/home/ubuntu/adithya/temp/EAMLA/Computer Vision/diseases/COVID_244.png,COVID,0
510,/home/ubuntu/adithya/temp/EAMLA/Computer Vision/diseases/PNEUMONIA_31.png,PNEUMONIA,2
852,/home/ubuntu/adithya/temp/EAMLA/Computer Vision/diseases/COVID_155.png,COVID,0
675,/home/ubuntu/adithya/temp/EAMLA/Computer Vision/diseases/PNEUMONIA_144.png,PNEUMONIA,2
818,/home/ubuntu/adithya/temp/EAMLA/Computer Vision/diseases/NORMAL_11.png,NORMAL,1
399,/home/ubuntu/adithya/temp/EAMLA/Computer Vision/diseases/NORMAL_75.png,NORMAL,1
791,/home/ubuntu/adithya/temp/EAMLA/Computer Vision/diseases/COVID_94.png,COVID,0
604,/home/ubuntu/adithya/temp/EAMLA/Computer Vision/diseases/COVID_215.png,COVID,0
352,/home/ubuntu/adithya/temp/EAMLA/Computer Vision/diseases/PNEUMONIA_201.png,PNEUMONIA,2
684,/home/ubuntu/adithya/temp/EAMLA/Computer Vision/diseases/NORMAL_32.png,NORMAL,1
754,/home/ubuntu/adithya/temp/EAMLA/Computer Vision/diseases/NORMAL_283.png,NORMAL,1
12,/home/ubuntu/adithya/temp/EAMLA/Computer Vision/diseases/NORMAL_172.png,NORMAL,1
186,/home/ubuntu/adithya/temp/EAMLA/Computer Vision/diseases/PNEUMONIA_266.png,PNEUMONIA,2
610,/home/ubuntu/adithya/temp/EAMLA/Computer Vision/diseases/PNEUMONIA_263.png,PNEUMONIA,2
825,/home/ubuntu/adithya/temp/EAMLA/Computer Vision/diseases/COVID_162.png,COVID,0
434,/home/ubuntu/adithya/temp/EAMLA/Computer Vision/diseases/NORMAL_134.png,NORMAL,1
817,/home/ubuntu/adithya/temp/EAMLA/Computer Vision/diseases/COVID_126.png,COVID,0
374,/home/ubuntu/adithya/temp/EAMLA/Computer Vision/diseases/NORMAL_198.png,NORMAL,1
260,/home/ubuntu/adithya/temp/EAMLA/Computer Vision/diseases/PNEUMONIA_224.png,PNEUMONIA,2
721,/home/ubuntu/adithya/temp/EAMLA/Computer Vision/diseases/PNEUMONIA_160.png,PNEUMONIA,2
333,/home/ubuntu/adithya/temp/EAMLA/Computer Vision/diseases/COVID_290.png,COVID,0
153,/home/ubuntu/adithya/temp/EAMLA/Computer Vision/diseases/NORMAL_207.png,NORMAL,1
396,/home/ubuntu/adithya/temp/EAMLA/Computer Vision/diseases/PNEUMONIA_227.png,PNEUMONIA,2
826,/home/ubuntu/adithya/temp/EAMLA/Computer Vision/diseases/PNEUMONIA_87.png,PNEUMONIA,2
304,/home/ubuntu/adithya/temp/EAMLA/Computer Vision/diseases/COVID_55.png,COVID,0
200,/home/ubuntu/adithya/temp/EAMLA/Computer Vision/diseases/COVID_121.png,COVID,0
394,/home/ubuntu/adithya/temp/EAMLA/Computer Vision/diseases/PNEUMONIA_33.png,PNEUMONIA,2
859,/home/ubuntu/adithya/temp/EAMLA/Computer Vision/diseases/COVID_133.png,COVID,0
373,/home/ubuntu/adithya/temp/EAMLA/Computer Vision/diseases/NORMAL_7.png,NORMAL,1
517,/home/ubuntu/adithya/temp/EAMLA/Computer Vision/diseases/PNEUMONIA_105.png,PNEUMONIA,2
78,/home/ubuntu/adithya/temp/EAMLA/Computer Vision/diseases/COVID_297.png,COVID,0
312,/home/ubuntu/adithya/temp/EAMLA/Computer Vision/diseases/COVID_179.png,COVID,0
816,/home/ubuntu/adithya/temp/EAMLA/Computer Vision/diseases/COVID_234.png,COVID,0
436,/home/ubuntu/adithya/temp/EAMLA/Computer Vision/diseases/NORMAL_186.png,NORMAL,1
808,/home/ubuntu/adithya/temp/EAMLA/Computer Vision/diseases/PNEUMONIA_202.png,PNEUMONIA,2
42,/home/ubuntu/adithya/temp/EAMLA/Computer Vision/diseases/NORMAL_29.png,NORMAL,1
502,/home/ubuntu/adithya/temp/EAMLA/Computer Vision/diseases/PNEUMONIA_293.png,PNEUMONIA,2
133,/home/ubuntu/adithya/temp/EAMLA/Computer Vision/diseases/COVID_120.png,COVID,0
775,/home/ubuntu/adithya/temp/EAMLA/Computer Vision/diseases/PNEUMONIA_29.png,PNEUMONIA,2
389,/home/ubuntu/adithya/temp/EAMLA/Computer Vision/diseases/NORMAL_68.png,NORMAL,1
459,/home/ubuntu/adithya/temp/EAMLA/Computer Vision/diseases/PNEUMONIA_153.png,PNEUMONIA,2
677,/home/ubuntu/adithya/temp/EAMLA/Computer Vision/diseases/COVID_150.png,COVID,0
731,/home/ubuntu/adithya/temp/EAMLA/Computer Vision/diseases/COVID_52.png,COVID,0
587,/home/ubuntu/adithya/temp/EAMLA/Computer Vision/diseases/NORMAL_114.png,NORMAL,1
250,/home/ubuntu/adithya/temp/EAMLA/Computer Vision/diseases/COVID_275.png,COVID,0
635,/home/ubuntu/adithya/temp/EAMLA/Computer Vision/diseases/PNEUMONIA_237.png,PNEUMONIA,2
761,/home/ubuntu/adithya/temp/EAMLA/Computer Vision/diseases/PNEUMONIA_152.png,PNEUMONIA,2
496,/home/ubuntu/adithya/temp/EAMLA/Computer Vision/diseases/NORMAL_273.png,NORMAL,1
192,/home/ubuntu/adithya/temp/EAMLA/Computer Vision/diseases/COVID_97.png,COVID,0
220,/home/ubuntu/adithya/temp/EAMLA/Computer Vision/diseases/NORMAL_257.png,NORMAL,1
790,/home/ubuntu/adithya/temp/EAMLA/Computer Vision/diseases/PNEUMONIA_107.png,PNEUMONIA,2
807,/home/ubuntu/adithya/temp/EAMLA/Computer Vision/diseases/COVID_26.png,COVID,0
552,/home/ubuntu/adithya/temp/EAMLA/Computer Vision/diseases/NORMAL_296.png,NORMAL,1
432,/home/ubuntu/adithya/temp/EAMLA/Computer Vision/diseases/COVID_293.png,COVID,0
538,/home/ubuntu/adithya/temp/EAMLA/Computer Vision/diseases/NORMAL_214.png,NORMAL,1
674,/home/ubuntu/adithya/temp/EAMLA/Computer Vision/diseases/PNEUMONIA_59.png,PNEUMONIA,2
30,/home/ubuntu/adithya/temp/EAMLA/Computer Vision/diseases/PNEUMONIA_289.png,PNEUMONIA,2
613,/home/ubuntu/adithya/temp/EAMLA/Computer Vision/diseases/NORMAL_245.png,NORMAL,1
614,/home/ubuntu/adithya/temp/EAMLA/Computer Vision/diseases/NORMAL_88.png,NORMAL,1
445,/home/ubuntu/adithya/temp/EAMLA/Computer Vision/diseases/NORMAL_149.png,NORMAL,1
395,/home/ubuntu/adithya/temp/EAMLA/Computer Vision/diseases/NORMAL_259.png,NORMAL,1
157,/home/ubuntu/adithya/temp/EAMLA/Computer Vision/diseases/NORMAL_25.png,NORMAL,1
644,/home/ubuntu/adithya/temp/EAMLA/Computer Vision/diseases/PNEUMONIA_67.png,PNEUMONIA,2
272,/home/ubuntu/adithya/temp/EAMLA/Computer Vision/diseases/COVID_299.png,COVID,0
789,/home/ubuntu/adithya/temp/EAMLA/Computer Vision/diseases/NORMAL_171.png,NORMAL,1
866,/home/ubuntu/adithya/temp/EAMLA/Computer Vision/diseases/PNEUMONIA_260.png,PNEUMONIA,2
544,/home/ubuntu/adithya/temp/EAMLA/Computer Vision/diseases/NORMAL_28.png,NORMAL,1
306,/home/ubuntu/adithya/temp/EAMLA/Computer Vision/diseases/PNEUMONIA_88.png,PNEUMONIA,2
377,/home/ubuntu/adithya/temp/EAMLA/Computer Vision/diseases/PNEUMONIA_140.png,PNEUMONIA,2
676,/home/ubuntu/adithya/temp/EAMLA/Computer Vision/diseases/PNEUMONIA_104.png,PNEUMONIA,2
498,/home/ubuntu/adithya/temp/EAMLA/Computer Vision/diseases/PNEUMONIA_120.png,PNEUMONIA,2
102,/home/ubuntu/adithya/temp/EAMLA/Computer Vision/diseases/PNEUMONIA_287.png,PNEUMONIA,2
52,/home/ubuntu/adithya/temp/EAMLA/Computer Vision/diseases/NORMAL_196.png,NORMAL,1
735,/home/ubuntu/adithya/temp/EAMLA/Computer Vision/diseases/COVID_280.png,COVID,0
156,/home/ubuntu/adithya/temp/EAMLA/Computer Vision/diseases/PNEUMONIA_229.png,PNEUMONIA,2
283,/home/ubuntu/adithya/temp/EAMLA/Computer Vision/diseases/COVID_187.png,COVID,0
402,/home/ubuntu/adithya/temp/EAMLA/Computer Vision/diseases/NORMAL_184.png,NORMAL,1
687,/home/ubuntu/adithya/temp/EAMLA/Computer Vision/diseases/NORMAL_242.png,NORMAL,1
727,/home/ubuntu/adithya/temp/EAMLA/Computer Vision/diseases/PNEUMONIA_40.png,PNEUMONIA,2
97,/home/ubuntu/adithya/temp/EAMLA/Computer Vision/diseases/PNEUMONIA_179.png,PNEUMONIA,2
128,/home/ubuntu/adithya/temp/EAMLA/Computer Vision/diseases/COVID_191.png,COVID,0
379,/home/ubuntu/adithya/temp/EAMLA/Computer Vision/diseases/NORMAL_162.png,NORMAL,1
203,/home/ubuntu/adithya/temp/EAMLA/Computer Vision/diseases/COVID_197.png,COVID,0
343,/home/ubuntu/adithya/temp/EAMLA/Computer Vision/diseases/NORMAL_258.png,NORMAL,1
649,/home/ubuntu/adithya/temp/EAMLA/Computer Vision/diseases/PNEUMONIA_77.png,PNEUMONIA,2
724,/home/ubuntu/adithya/temp/EAMLA/Computer Vision/diseases/PNEUMONIA_19.png,PNEUMONIA,2
518,/home/ubuntu/adithya/temp/EAMLA/Computer Vision/diseases/NORMAL_97.png,NORMAL,1
697,/home/ubuntu/adithya/temp/EAMLA/Computer Vision/diseases/PNEUMONIA_181.png,PNEUMONIA,2
488,/home/ubuntu/adithya/temp/EAMLA/Computer Vision/diseases/NORMAL_166.png,NORMAL,1
237,/home/ubuntu/adithya/temp/EAMLA/Computer Vision/diseases/PNEUMONIA_279.png,PNEUMONIA,2
400,/home/ubuntu/adithya/temp/EAMLA/Computer Vision/diseases/PNEUMONIA_294.png,PNEUMONIA,2
232,/home/ubuntu/adithya/temp/EAMLA/Computer Vision/diseases/COVID_192.png,COVID,0
442,/home/ubuntu/adithya/temp/EAMLA/Computer Vision/diseases/COVID_8.png,COVID,0
98,/home/ubuntu/adithya/temp/EAMLA/Computer Vision/diseases/NORMAL_35.png,NORMAL,1
787,/home/ubuntu/adithya/temp/EAMLA/Computer Vision/diseases/NORMAL_74.png,NORMAL,1
882,/home/ubuntu/adithya/temp/EAMLA/Computer Vision/diseases/COVID_41.png,COVID,0
511,/home/ubuntu/adithya/temp/EAMLA/Computer Vision/diseases/PNEUMONIA_136.png,PNEUMONIA,2
554,/home/ubuntu/adithya/temp/EAMLA/Computer Vision/diseases/NORMAL_54.png,NORMAL,1
217,/home/ubuntu/adithya/temp/EAMLA/Computer Vision/diseases/PNEUMONIA_194.png,PNEUMONIA,2
360,/home/ubuntu/adithya/temp/EAMLA/Computer Vision/diseases/PNEUMONIA_283.png,PNEUMONIA,2
658,/home/ubuntu/adithya/temp/EAMLA/Computer Vision/diseases/COVID_255.png,COVID,0
865,/home/ubuntu/adithya/temp/EAMLA/Computer Vision/diseases/PNEUMONIA_222.png,PNEUMONIA,2
225,/home/ubuntu/adithya/temp/EAMLA/Computer Vision/diseases/PNEUMONIA_204.png,PNEUMONIA,2
18,/home/ubuntu/adithya/temp/EAMLA/Computer Vision/diseases/PNEUMONIA_49.png,PNEUMONIA,2
168,/home/ubuntu/adithya/temp/EAMLA/Computer Vision/diseases/PNEUMONIA_220.png,PNEUMONIA,2
292,/home/ubuntu/adithya/temp/EAMLA/Computer Vision/diseases/NORMAL_96.png,NORMAL,1
549,/home/ubuntu/adithya/temp/EAMLA/Computer Vision/diseases/NORMAL_278.png,NORMAL,1
397,/home/ubuntu/adithya/temp/EAMLA/Computer Vision/diseases/COVID_136.png,COVID,0
540,/home/ubuntu/adithya/temp/EAMLA/Computer Vision/diseases/COVID_36.png,COVID,0
328,/home/ubuntu/adithya/temp/EAMLA/Computer Vision/diseases/PNEUMONIA_208.png,PNEUMONIA,2
773,/home/ubuntu/adithya/temp/EAMLA/Computer Vision/diseases/COVID_263.png,COVID,0
567,/home/ubuntu/adithya/temp/EAMLA/Computer Vision/diseases/PNEUMONIA_231.png,PNEUMONIA,2
93,/home/ubuntu/adithya/temp/EAMLA/Computer Vision/diseases/NORMAL_230.png,NORMAL,1
213,/home/ubuntu/adithya/temp/EAMLA/Computer Vision/diseases/COVID_86.png,COVID,0
337,/home/ubuntu/adithya/temp/EAMLA/Computer Vision/diseases/PNEUMONIA_243.png,PNEUMONIA,2
425,/home/ubuntu/adithya/temp/EAMLA/Computer Vision/diseases/PNEUMONIA_241.png,PNEUMONIA,2
719,/home/ubuntu/adithya/temp/EAMLA/Computer Vision/diseases/COVID_69.png,COVID,0
115,/home/ubuntu/adithya/temp/EAMLA/Computer Vision/diseases/PNEUMONIA_292.png,PNEUMONIA,2
158,/home/ubuntu/adithya/temp/EAMLA/Computer Vision/diseases/NORMAL_267.png,NORMAL,1
892,/home/ubuntu/adithya/temp/EAMLA/Computer Vision/diseases/NORMAL_49.png,NORMAL,1
112,/home/ubuntu/adithya/temp/EAMLA/Computer Vision/diseases/PNEUMONIA_53.png,PNEUMONIA,2
36,/home/ubuntu/adithya/temp/EAMLA/Computer Vision/diseases/PNEUMONIA_206.png,PNEUMONIA,2
105,/home/ubuntu/adithya/temp/EAMLA/Computer Vision/diseases/PNEUMONIA_276.png,PNEUMONIA,2
362,/home/ubuntu/adithya/temp/EAMLA/Computer Vision/diseases/COVID_181.png,COVID,0
365,/home/ubuntu/adithya/temp/EAMLA/Computer Vision/diseases/NORMAL_59.png,NORMAL,1
441,/home/ubuntu/adithya/temp/EAMLA/Computer Vision/diseases/COVID_291.png,COVID,0
351,/home/ubuntu/adithya/temp/EAMLA/Computer Vision/diseases/PNEUMONIA_35.png,PNEUMONIA,2
879,/home/ubuntu/adithya/temp/EAMLA/Computer Vision/diseases/COVID_71.png,COVID,0
249,/home/ubuntu/adithya/temp/EAMLA/Computer Vision/diseases/PNEUMONIA_50.png,PNEUMONIA,2
764,/home/ubuntu/adithya/temp/EAMLA/Computer Vision/diseases/PNEUMONIA_93.png,PNEUMONIA,2
713,/home/ubuntu/adithya/temp/EAMLA/Computer Vision/diseases/PNEUMONIA_44.png,PNEUMONIA,2
406,/home/ubuntu/adithya/temp/EAMLA/Computer Vision/diseases/COVID_118.png,COVID,0
896,/home/ubuntu/adithya/temp/EAMLA/Computer Vision/diseases/COVID_193.png,COVID,0
164,/home/ubuntu/adithya/temp/EAMLA/Computer Vision/diseases/COVID_76.png,COVID,0
788,/home/ubuntu/adithya/temp/EAMLA/Computer Vision/diseases/PNEUMONIA_52.png,PNEUMONIA,2
799,/home/ubuntu/adithya/temp/EAMLA/Computer Vision/diseases/COVID_72.png,COVID,0
743,/home/ubuntu/adithya/temp/EAMLA/Computer Vision/diseases/COVID_77.png,COVID,0
83,/home/ubuntu/adithya/temp/EAMLA/Computer Vision/diseases/NORMAL_95.png,NORMAL,1
629,/home/ubuntu/adithya/temp/EAMLA/Computer Vision/diseases/NORMAL_17.png,NORMAL,1
295,/home/ubuntu/adithya/temp/EAMLA/Computer Vision/diseases/PNEUMONIA_70.png,PNEUMONIA,2
70,/home/ubuntu/adithya/temp/EAMLA/Computer Vision/diseases/PNEUMONIA_2.png,PNEUMONIA,2
598,/home/ubuntu/adithya/temp/EAMLA/Computer Vision/diseases/PNEUMONIA_84.png,PNEUMONIA,2
833,/home/ubuntu/adithya/temp/EAMLA/Computer Vision/diseases/PNEUMONIA_134.png,PNEUMONIA,2
776,/home/ubuntu/adithya/temp/EAMLA/Computer Vision/diseases/COVID_295.png,COVID,0
585,/home/ubuntu/adithya/temp/EAMLA/Computer Vision/diseases/COVID_285.png,COVID,0
127,/home/ubuntu/adithya/temp/EAMLA/Computer Vision/diseases/PNEUMONIA_203.png,PNEUMONIA,2
755,/home/ubuntu/adithya/temp/EAMLA/Computer Vision/diseases/NORMAL_298.png,NORMAL,1
1,/home/ubuntu/adithya/temp/EAMLA/Computer Vision/diseases/COVID_43.png,COVID,0
590,/home/ubuntu/adithya/temp/EAMLA/Computer Vision/diseases/PNEUMONIA_296.png,PNEUMONIA,2
539,/home/ubuntu/adithya/temp/EAMLA/Computer Vision/diseases/PNEUMONIA_277.png,PNEUMONIA,2
308,/home/ubuntu/adithya/temp/EAMLA/Computer Vision/diseases/PNEUMONIA_76.png,PNEUMONIA,2
410,/home/ubuntu/adithya/temp/EAMLA/Computer Vision/diseases/COVID_228.png,COVID,0
171,/home/ubuntu/adithya/temp/EAMLA/Computer Vision/diseases/COVID_174.png,COVID,0
417,/home/ubuntu/adithya/temp/EAMLA/Computer Vision/diseases/NORMAL_212.png,NORMAL,1
681,/home/ubuntu/adithya/temp/EAMLA/Computer Vision/diseases/COVID_70.png,COVID,0
460,/home/ubuntu/adithya/temp/EAMLA/Computer Vision/diseases/COVID_13.png,COVID,0
810,/home/ubuntu/adithya/temp/EAMLA/Computer Vision/diseases/COVID_117.png,COVID,0
423,/home/ubuntu/adithya/temp/EAMLA/Computer Vision/diseases/PNEUMONIA_126.png,PNEUMONIA,2
315,/home/ubuntu/adithya/temp/EAMLA/Computer Vision/diseases/COVID_184.png,COVID,0
376,/home/ubuntu/adithya/temp/EAMLA/Computer Vision/diseases/PNEUMONIA_100.png,PNEUMONIA,2
524,/home/ubuntu/adithya/temp/EAMLA/Computer Vision/diseases/NORMAL_272.png,NORMAL,1
779,/home/ubuntu/adithya/temp/EAMLA/Computer Vision/diseases/NORMAL_151.png,NORMAL,1
438,/home/ubuntu/adithya/temp/EAMLA/Computer Vision/diseases/COVID_212.png,COVID,0
659,/home/ubuntu/adithya/temp/EAMLA/Computer Vision/diseases/NORMAL_161.png,NORMAL,1
150,/home/ubuntu/adithya/temp/EAMLA/Computer Vision/diseases/NORMAL_41.png,NORMAL,1
899,/home/ubuntu/adithya/temp/EAMLA/Computer Vision/diseases/NORMAL_26.png,NORMAL,1
556,/home/ubuntu/adithya/temp/EAMLA/Computer Vision/diseases/NORMAL_170.png,NORMAL,1
723,/home/ubuntu/adithya/temp/EAMLA/Computer Vision/diseases/NORMAL_123.png,NORMAL,1
409,/home/ubuntu/adithya/temp/EAMLA/Computer Vision/diseases/PNEUMONIA_117.png,PNEUMONIA,2
143,/home/ubuntu/adithya/temp/EAMLA/Computer Vision/diseases/PNEUMONIA_96.png,PNEUMONIA,2
526,/home/ubuntu/adithya/temp/EAMLA/Computer Vision/diseases/PNEUMONIA_299.png,PNEUMONIA,2
772,/home/ubuntu/adithya/temp/EAMLA/Computer Vision/diseases/PNEUMONIA_101.png,PNEUMONIA,2
890,/home/ubuntu/adithya/temp/EAMLA/Computer Vision/diseases/COVID_252.png,COVID,0
742,/home/ubuntu/adithya/temp/EAMLA/Computer Vision/diseases/NORMAL_291.png,NORMAL,1
208,/home/ubuntu/adithya/temp/EAMLA/Computer Vision/diseases/COVID_78.png,COVID,0
440,/home/ubuntu/adithya/temp/EAMLA/Computer Vision/diseases/NORMAL_179.png,NORMAL,1
131,/home/ubuntu/adithya/temp/EAMLA/Computer Vision/diseases/PNEUMONIA_38.png,PNEUMONIA,2
380,/home/ubuntu/adithya/temp/EAMLA/Computer Vision/diseases/PNEUMONIA_119.png,PNEUMONIA,2
174,/home/ubuntu/adithya/temp/EAMLA/Computer Vision/diseases/NORMAL_103.png,NORMAL,1
533,/home/ubuntu/adithya/temp/EAMLA/Computer Vision/diseases/NORMAL_127.png,NORMAL,1
270,/home/ubuntu/adithya/temp/EAMLA/Computer Vision/diseases/COVID_173.png,COVID,0
407,/home/ubuntu/adithya/temp/EAMLA/Computer Vision/diseases/NORMAL_284.png,NORMAL,1
639,/home/ubuntu/adithya/temp/EAMLA/Computer Vision/diseases/NORMAL_254.png,NORMAL,1
123,/home/ubuntu/adithya/temp/EAMLA/Computer Vision/diseases/COVID_276.png,COVID,0
138,/home/ubuntu/adithya/temp/EAMLA/Computer Vision/diseases/NORMAL_106.png,NORMAL,1
51,/home/ubuntu/adithya/temp/EAMLA/Computer Vision/diseases/PNEUMONIA_285.png,PNEUMONIA,2
275,/home/ubuntu/adithya/temp/EAMLA/Computer Vision/diseases/PNEUMONIA_252.png,PNEUMONIA,2
872,/home/ubuntu/adithya/temp/EAMLA/Computer Vision/diseases/PNEUMONIA_20.png,PNEUMONIA,2
342,/home/ubuntu/adithya/temp/EAMLA/Computer Vision/diseases/NORMAL_276.png,NORMAL,1
256,/home/ubuntu/adithya/temp/EAMLA/Computer Vision/diseases/NORMAL_8.png,NORMAL,1
182,/home/ubuntu/adithya/temp/EAMLA/Computer Vision/diseases/NORMAL_57.png,NORMAL,1
617,/home/ubuntu/adithya/temp/EAMLA/Computer Vision/diseases/NORMAL_100.png,NORMAL,1
300,/home/ubuntu/adithya/temp/EAMLA/Computer Vision/diseases/PNEUMONIA_177.png,PNEUMONIA,2
683,/home/ubuntu/adithya/temp/EAMLA/Computer Vision/diseases/PNEUMONIA_21.png,PNEUMONIA,2
240,/home/ubuntu/adithya/temp/EAMLA/Computer Vision/diseases/PNEUMONIA_247.png,PNEUMONIA,2
230,/home/ubuntu/adithya/temp/EAMLA/Computer Vision/diseases/COVID_207.png,COVID,0
326,/home/ubuntu/adithya/temp/EAMLA/Computer Vision/diseases/PNEUMONIA_139.png,PNEUMONIA,2
458,/home/ubuntu/adithya/temp/EAMLA/Computer Vision/diseases/PNEUMONIA_244.png,PNEUMONIA,2
465,/home/ubuntu/adithya/temp/EAMLA/Computer Vision/diseases/PNEUMONIA_55.png,PNEUMONIA,2
163,/home/ubuntu/adithya/temp/EAMLA/Computer Vision/diseases/COVID_177.png,COVID,0
167,/home/ubuntu/adithya/temp/EAMLA/Computer Vision/diseases/NORMAL_159.png,NORMAL,1
145,/home/ubuntu/adithya/temp/EAMLA/Computer Vision/diseases/COVID_300.png,COVID,0
206,/home/ubuntu/adithya/temp/EAMLA/Computer Vision/diseases/COVID_101.png,COVID,0
500,/home/ubuntu/adithya/temp/EAMLA/Computer Vision/diseases/COVID_21.png,COVID,0
188,/home/ubuntu/adithya/temp/EAMLA/Computer Vision/diseases/NORMAL_277.png,NORMAL,1
324,/home/ubuntu/adithya/temp/EAMLA/Computer Vision/diseases/PNEUMONIA_34.png,PNEUMONIA,2
762,/home/ubuntu/adithya/temp/EAMLA/Computer Vision/diseases/COVID_67.png,COVID,0
806,/home/ubuntu/adithya/temp/EAMLA/Computer Vision/diseases/COVID_246.png,COVID,0
575,/home/ubuntu/adithya/temp/EAMLA/Computer Vision/diseases/PNEUMONIA_210.png,PNEUMONIA,2
79,/home/ubuntu/adithya/temp/EAMLA/Computer Vision/diseases/NORMAL_82.png,NORMAL,1
725,/home/ubuntu/adithya/temp/EAMLA/Computer Vision/diseases/COVID_213.png,COVID,0
814,/home/ubuntu/adithya/temp/EAMLA/Computer Vision/diseases/COVID_175.png,COVID,0
759,/home/ubuntu/adithya/temp/EAMLA/Computer Vision/diseases/COVID_95.png,COVID,0
229,/home/ubuntu/adithya/temp/EAMLA/Computer Vision/diseases/COVID_92.png,COVID,0
797,/home/ubuntu/adithya/temp/EAMLA/Computer Vision/diseases/PNEUMONIA_164.png,PNEUMONIA,2
100,/home/ubuntu/adithya/temp/EAMLA/Computer Vision/diseases/NORMAL_145.png,NORMAL,1
290,/home/ubuntu/adithya/temp/EAMLA/Computer Vision/diseases/NORMAL_246.png,NORMAL,1
444,/home/ubuntu/adithya/temp/EAMLA/Computer Vision/diseases/NORMAL_220.png,NORMAL,1
854,/home/ubuntu/adithya/temp/EAMLA/Computer Vision/diseases/COVID_185.png,COVID,0
53,/home/ubuntu/adithya/temp/EAMLA/Computer Vision/diseases/NORMAL_39.png,NORMAL,1
391,/home/ubuntu/adithya/temp/EAMLA/Computer Vision/diseases/PNEUMONIA_147.png,PNEUMONIA,2
869,/home/ubuntu/adithya/temp/EAMLA/Computer Vision/diseases/NORMAL_61.png,NORMAL,1
898,/home/ubuntu/adithya/temp/EAMLA/Computer Vision/diseases/PNEUMONIA_242.png,PNEUMONIA,2
251,/home/ubuntu/adithya/temp/EAMLA/Computer Vision/diseases/COVID_141.png,COVID,0
499,/home/ubuntu/adithya/temp/EAMLA/Computer Vision/diseases/PNEUMONIA_214.png,PNEUMONIA,2
475,/home/ubuntu/adithya/temp/EAMLA/Computer Vision/diseases/PNEUMONIA_166.png,PNEUMONIA,2
271,/home/ubuntu/adithya/temp/EAMLA/Computer Vision/diseases/NORMAL_79.png,NORMAL,1
44,/home/ubuntu/adithya/temp/EAMLA/Computer Vision/diseases/PNEUMONIA_190.png,PNEUMONIA,2
113,/home/ubuntu/adithya/temp/EAMLA/Computer Vision/diseases/PNEUMONIA_149.png,PNEUMONIA,2
24,/home/ubuntu/adithya/temp/EAMLA/Computer Vision/diseases/NORMAL_77.png,NORMAL,1
211,/home/ubuntu/adithya/temp/EAMLA/Computer Vision/diseases/NORMAL_143.png,NORMAL,1
620,/home/ubuntu/adithya/temp/EAMLA/Computer Vision/diseases/PNEUMONIA_171.png,PNEUMONIA,2
169,/home/ubuntu/adithya/temp/EAMLA/Computer Vision/diseases/COVID_128.png,COVID,0
591,/home/ubuntu/adithya/temp/EAMLA/Computer Vision/diseases/COVID_264.png,COVID,0
876,/home/ubuntu/adithya/temp/EAMLA/Computer Vision/diseases/PNEUMONIA_239.png,PNEUMONIA,2
596,/home/ubuntu/adithya/temp/EAMLA/Computer Vision/diseases/COVID_189.png,COVID,0
520,/home/ubuntu/adithya/temp/EAMLA/Computer Vision/diseases/COVID_296.png,COVID,0
32,/home/ubuntu/adithya/temp/EAMLA/Computer Vision/diseases/COVID_282.png,COVID,0
611,/home/ubuntu/adithya/temp/EAMLA/Computer Vision/diseases/PNEUMONIA_278.png,PNEUMONIA,2
109,/home/ubuntu/adithya/temp/EAMLA/Computer Vision/diseases/NORMAL_195.png,NORMAL,1
136,/home/ubuntu/adithya/temp/EAMLA/Computer Vision/diseases/COVID_40.png,COVID,0
330,/home/ubuntu/adithya/temp/EAMLA/Computer Vision/diseases/PNEUMONIA_123.png,PNEUMONIA,2
222,/home/ubuntu/adithya/temp/EAMLA/Computer Vision/diseases/NORMAL_174.png,NORMAL,1
28,/home/ubuntu/adithya/temp/EAMLA/Computer Vision/diseases/NORMAL_67.png,NORMAL,1
287,/home/ubuntu/adithya/temp/EAMLA/Computer Vision/diseases/PNEUMONIA_69.png,PNEUMONIA,2
55,/home/ubuntu/adithya/temp/EAMLA/Computer Vision/diseases/COVID_143.png,COVID,0
878,/home/ubuntu/adithya/temp/EAMLA/Computer Vision/diseases/COVID_110.png,COVID,0
805,/home/ubuntu/adithya/temp/EAMLA/Computer Vision/diseases/COVID_104.png,COVID,0
812,/home/ubuntu/adithya/temp/EAMLA/Computer Vision/diseases/NORMAL_158.png,NORMAL,1
48,/home/ubuntu/adithya/temp/EAMLA/Computer Vision/diseases/NORMAL_279.png,NORMAL,1
815,/home/ubuntu/adithya/temp/EAMLA/Computer Vision/diseases/COVID_109.png,COVID,0
881,/home/ubuntu/adithya/temp/EAMLA/Computer Vision/diseases/NORMAL_63.png,NORMAL,1
642,/home/ubuntu/adithya/temp/EAMLA/Computer Vision/diseases/COVID_62.png,COVID,0
545,/home/ubuntu/adithya/temp/EAMLA/Computer Vision/diseases/NORMAL_62.png,NORMAL,1
477,/home/ubuntu/adithya/temp/EAMLA/Computer Vision/diseases/COVID_251.png,COVID,0
547,/home/ubuntu/adithya/temp/EAMLA/Computer Vision/diseases/COVID_145.png,COVID,0
63,/home/ubuntu/adithya/temp/EAMLA/Computer Vision/diseases/PNEUMONIA_121.png,PNEUMONIA,2
413,/home/ubuntu/adithya/temp/EAMLA/Computer Vision/diseases/COVID_138.png,COVID,0
384,/home/ubuntu/adithya/temp/EAMLA/Computer Vision/diseases/NORMAL_40.png,NORMAL,1
800,/home/ubuntu/adithya/temp/EAMLA/Computer Vision/diseases/PNEUMONIA_159.png,PNEUMONIA,2
322,/home/ubuntu/adithya/temp/EAMLA/Computer Vision/diseases/PNEUMONIA_268.png,PNEUMONIA,2
451,/home/ubuntu/adithya/temp/EAMLA/Computer Vision/diseases/NORMAL_222.png,NORMAL,1
699,/home/ubuntu/adithya/temp/EAMLA/Computer Vision/diseases/PNEUMONIA_9.png,PNEUMONIA,2
234,/home/ubuntu/adithya/temp/EAMLA/Computer Vision/diseases/COVID_146.png,COVID,0
656,/home/ubuntu/adithya/temp/EAMLA/Computer Vision/diseases/COVID_11.png,COVID,0
557,/home/ubuntu/adithya/temp/EAMLA/Computer Vision/diseases/PNEUMONIA_8.png,PNEUMONIA,2
462,/home/ubuntu/adithya/temp/EAMLA/Computer Vision/diseases/PNEUMONIA_3.png,PNEUMONIA,2
424,/home/ubuntu/adithya/temp/EAMLA/Computer Vision/diseases/NORMAL_157.png,NORMAL,1
844,/home/ubuntu/adithya/temp/EAMLA/Computer Vision/diseases/PNEUMONIA_230.png,PNEUMONIA,2
303,/home/ubuntu/adithya/temp/EAMLA/Computer Vision/diseases/COVID_144.png,COVID,0
795,/home/ubuntu/adithya/temp/EAMLA/Computer Vision/diseases/PNEUMONIA_25.png,PNEUMONIA,2
689,/home/ubuntu/adithya/temp/EAMLA/Computer Vision/diseases/PNEUMONIA_213.png,PNEUMONIA,2
219,/home/ubuntu/adithya/temp/EAMLA/Computer Vision/diseases/PNEUMONIA_249.png,PNEUMONIA,2
782,/home/ubuntu/adithya/temp/EAMLA/Computer Vision/diseases/NORMAL_110.png,NORMAL,1
296,/home/ubuntu/adithya/temp/EAMLA/Computer Vision/diseases/NORMAL_295.png,NORMAL,1
21,/home/ubuntu/adithya/temp/EAMLA/Computer Vision/diseases/COVID_140.png,COVID,0
420,/home/ubuntu/adithya/temp/EAMLA/Computer Vision/diseases/COVID_46.png,COVID,0
325,/home/ubuntu/adithya/temp/EAMLA/Computer Vision/diseases/PNEUMONIA_162.png,PNEUMONIA,2
199,/home/ubuntu/adithya/temp/EAMLA/Computer Vision/diseases/NORMAL_99.png,NORMAL,1
450,/home/ubuntu/adithya/temp/EAMLA/Computer Vision/diseases/PNEUMONIA_174.png,PNEUMONIA,2
137,/home/ubuntu/adithya/temp/EAMLA/Computer Vision/diseases/PNEUMONIA_253.png,PNEUMONIA,2
536,/home/ubuntu/adithya/temp/EAMLA/Computer Vision/diseases/PNEUMONIA_228.png,PNEUMONIA,2
696,/home/ubuntu/adithya/temp/EAMLA/Computer Vision/diseases/NORMAL_113.png,NORMAL,1
646,/home/ubuntu/adithya/temp/EAMLA/Computer Vision/diseases/PNEUMONIA_18.png,PNEUMONIA,2
628,/home/ubuntu/adithya/temp/EAMLA/Computer Vision/diseases/NORMAL_169.png,NORMAL,1
212,/home/ubuntu/adithya/temp/EAMLA/Computer Vision/diseases/COVID_273.png,COVID,0
868,/home/ubuntu/adithya/temp/EAMLA/Computer Vision/diseases/COVID_53.png,COVID,0
843,/home/ubuntu/adithya/temp/EAMLA/Computer Vision/diseases/NORMAL_108.png,NORMAL,1
831,/home/ubuntu/adithya/temp/EAMLA/Computer Vision/diseases/PNEUMONIA_131.png,PNEUMONIA,2
505,/home/ubuntu/adithya/temp/EAMLA/Computer Vision/diseases/COVID_85.png,COVID,0
730,/home/ubuntu/adithya/temp/EAMLA/Computer Vision/diseases/PNEUMONIA_267.png,PNEUMONIA,2
231,/home/ubuntu/adithya/temp/EAMLA/Computer Vision/diseases/COVID_200.png,COVID,0
405,/home/ubuntu/adithya/temp/EAMLA/Computer Vision/diseases/COVID_165.png,COVID,0
568,/home/ubuntu/adithya/temp/EAMLA/Computer Vision/diseases/NORMAL_251.png,NORMAL,1
317,/home/ubuntu/adithya/temp/EAMLA/Computer Vision/diseases/COVID_54.png,COVID,0
183,/home/ubuntu/adithya/temp/EAMLA/Computer Vision/diseases/NORMAL_70.png,NORMAL,1
770,/home/ubuntu/adithya/temp/EAMLA/Computer Vision/diseases/COVID_49.png,COVID,0
768,/home/ubuntu/adithya/temp/EAMLA/Computer Vision/diseases/PNEUMONIA_75.png,PNEUMONIA,2
693,/home/ubuntu/adithya/temp/EAMLA/Computer Vision/diseases/COVID_135.png,COVID,0
609,/home/ubuntu/adithya/temp/EAMLA/Computer Vision/diseases/COVID_225.png,COVID,0
626,/home/ubuntu/adithya/temp/EAMLA/Computer Vision/diseases/NORMAL_69.png,NORMAL,1
485,/home/ubuntu/adithya/temp/EAMLA/Computer Vision/diseases/COVID_12.png,COVID,0
278,/home/ubuntu/adithya/temp/EAMLA/Computer Vision/diseases/PNEUMONIA_286.png,PNEUMONIA,2
630,/home/ubuntu/adithya/temp/EAMLA/Computer Vision/diseases/NORMAL_135.png,NORMAL,1
20,/home/ubuntu/adithya/temp/EAMLA/Computer Vision/diseases/COVID_281.png,COVID,0
170,/home/ubuntu/adithya/temp/EAMLA/Computer Vision/diseases/NORMAL_136.png,NORMAL,1
401,/home/ubuntu/adithya/temp/EAMLA/Computer Vision/diseases/COVID_236.png,COVID,0
834,/home/ubuntu/adithya/temp/EAMLA/Computer Vision/diseases/NORMAL_125.png,NORMAL,1
566,/home/ubuntu/adithya/temp/EAMLA/Computer Vision/diseases/PNEUMONIA_282.png,PNEUMONIA,2
176,/home/ubuntu/adithya/temp/EAMLA/Computer Vision/diseases/NORMAL_269.png,NORMAL,1
327,/home/ubuntu/adithya/temp/EAMLA/Computer Vision/diseases/NORMAL_194.png,NORMAL,1
706,/home/ubuntu/adithya/temp/EAMLA/Computer Vision/diseases/PNEUMONIA_198.png,PNEUMONIA,2
198,/home/ubuntu/adithya/temp/EAMLA/Computer Vision/diseases/NORMAL_4.png,NORMAL,1
470,/home/ubuntu/adithya/temp/EAMLA/Computer Vision/diseases/PNEUMONIA_39.png,PNEUMONIA,2
757,/home/ubuntu/adithya/temp/EAMLA/Computer Vision/diseases/PNEUMONIA_189.png,PNEUMONIA,2
694,/home/ubuntu/adithya/temp/EAMLA/Computer Vision/diseases/NORMAL_33.png,NORMAL,1
266,/home/ubuntu/adithya/temp/EAMLA/Computer Vision/diseases/NORMAL_120.png,NORMAL,1
615,/home/ubuntu/adithya/temp/EAMLA/Computer Vision/diseases/COVID_288.png,COVID,0
732,/home/ubuntu/adithya/temp/EAMLA/Computer Vision/diseases/NORMAL_87.png,NORMAL,1
492,/home/ubuntu/adithya/temp/EAMLA/Computer Vision/diseases/COVID_99.png,COVID,0
130,/home/ubuntu/adithya/temp/EAMLA/Computer Vision/diseases/NORMAL_94.png,NORMAL,1
338,/home/ubuntu/adithya/temp/EAMLA/Computer Vision/diseases/COVID_221.png,COVID,0
766,/home/ubuntu/adithya/temp/EAMLA/Computer Vision/diseases/NORMAL_248.png,NORMAL,1
489,/home/ubuntu/adithya/temp/EAMLA/Computer Vision/diseases/COVID_38.png,COVID,0
572,/home/ubuntu/adithya/temp/EAMLA/Computer Vision/diseases/PNEUMONIA_108.png,PNEUMONIA,2
606,/home/ubuntu/adithya/temp/EAMLA/Computer Vision/diseases/PNEUMONIA_45.png,PNEUMONIA,2
193,/home/ubuntu/adithya/temp/EAMLA/Computer Vision/diseases/PNEUMONIA_273.png,PNEUMONIA,2
140,/home/ubuntu/adithya/temp/EAMLA/Computer Vision/diseases/COVID_83.png,COVID,0
416,/home/ubuntu/adithya/temp/EAMLA/Computer Vision/diseases/NORMAL_52.png,NORMAL,1
660,/home/ubuntu/adithya/temp/EAMLA/Computer Vision/diseases/PNEUMONIA_43.png,PNEUMONIA,2
476,/home/ubuntu/adithya/temp/EAMLA/Computer Vision/diseases/PNEUMONIA_184.png,PNEUMONIA,2
714,/home/ubuntu/adithya/temp/EAMLA/Computer Vision/diseases/PNEUMONIA_234.png,PNEUMONIA,2
152,/home/ubuntu/adithya/temp/EAMLA/Computer Vision/diseases/PNEUMONIA_197.png,PNEUMONIA,2
809,/home/ubuntu/adithya/temp/EAMLA/Computer Vision/diseases/NORMAL_240.png,NORMAL,1
10,/home/ubuntu/adithya/temp/EAMLA/Computer Vision/diseases/PNEUMONIA_205.png,PNEUMONIA,2
269,/home/ubuntu/adithya/temp/EAMLA/Computer Vision/diseases/COVID_115.png,COVID,0
96,/home/ubuntu/adithya/temp/EAMLA/Computer Vision/diseases/NORMAL_56.png,NORMAL,1
210,/home/ubuntu/adithya/temp/EAMLA/Computer Vision/diseases/COVID_238.png,COVID,0
888,/home/ubuntu/adithya/temp/EAMLA/Computer Vision/diseases/COVID_31.png,COVID,0
752,/home/ubuntu/adithya/temp/EAMLA/Computer Vision/diseases/COVID_22.png,COVID,0
569,/home/ubuntu/adithya/temp/EAMLA/Computer Vision/diseases/PNEUMONIA_125.png,PNEUMONIA,2
548,/home/ubuntu/adithya/temp/EAMLA/Computer Vision/diseases/PNEUMONIA_165.png,PNEUMONIA,2
851,/home/ubuntu/adithya/temp/EAMLA/Computer Vision/diseases/NORMAL_234.png,NORMAL,1
532,/home/ubuntu/adithya/temp/EAMLA/Computer Vision/diseases/COVID_227.png,COVID,0
842,/home/ubuntu/adithya/temp/EAMLA/Computer Vision/diseases/COVID_156.png,COVID,0
332,/home/ubuntu/adithya/temp/EAMLA/Computer Vision/diseases/NORMAL_264.png,NORMAL,1
75,/home/ubuntu/adithya/temp/EAMLA/Computer Vision/diseases/PNEUMONIA_274.png,PNEUMONIA,2
712,/home/ubuntu/adithya/temp/EAMLA/Computer Vision/diseases/PNEUMONIA_218.png,PNEUMONIA,2
77,/home/ubuntu/adithya/temp/EAMLA/Computer Vision/diseases/NORMAL_16.png,NORMAL,1
263,/home/ubuntu/adithya/temp/EAMLA/Computer Vision/diseases/COVID_139.png,COVID,0
895,/home/ubuntu/adithya/temp/EAMLA/Computer Vision/diseases/PNEUMONIA_47.png,PNEUMONIA,2
149,/home/ubuntu/adithya/temp/EAMLA/Computer Vision/diseases/NORMAL_85.png,NORMAL,1
841,/home/ubuntu/adithya/temp/EAMLA/Computer Vision/diseases/COVID_130.png,COVID,0
514,/home/ubuntu/adithya/temp/EAMLA/Computer Vision/diseases/NORMAL_89.png,NORMAL,1
848,/home/ubuntu/adithya/temp/EAMLA/Computer Vision/diseases/NORMAL_197.png,NORMAL,1
469,/home/ubuntu/adithya/temp/EAMLA/Computer Vision/diseases/COVID_204.png,COVID,0
564,/home/ubuntu/adithya/temp/EAMLA/Computer Vision/diseases/NORMAL_126.png,NORMAL,1
774,/home/ubuntu/adithya/temp/EAMLA/Computer Vision/diseases/COVID_51.png,COVID,0
461,/home/ubuntu/adithya/temp/EAMLA/Computer Vision/diseases/PNEUMONIA_187.png,PNEUMONIA,2
253,/home/ubuntu/adithya/temp/EAMLA/Computer Vision/diseases/COVID_19.png,COVID,0
771,/home/ubuntu/adithya/temp/EAMLA/Computer Vision/diseases/NORMAL_227.png,NORMAL,1
369,/home/ubuntu/adithya/temp/EAMLA/Computer Vision/diseases/COVID_105.png,COVID,0
321,/home/ubuntu/adithya/temp/EAMLA/Computer Vision/diseases/COVID_119.png,COVID,0
695,/home/ubuntu/adithya/temp/EAMLA/Computer Vision/diseases/NORMAL_2.png,NORMAL,1
151,/home/ubuntu/adithya/temp/EAMLA/Computer Vision/diseases/COVID_153.png,COVID,0
857,/home/ubuntu/adithya/temp/EAMLA/Computer Vision/diseases/COVID_240.png,COVID,0
302,/home/ubuntu/adithya/temp/EAMLA/Computer Vision/diseases/NORMAL_138.png,NORMAL,1
190,/home/ubuntu/adithya/temp/EAMLA/Computer Vision/diseases/PNEUMONIA_138.png,PNEUMONIA,2
586,/home/ubuntu/adithya/temp/EAMLA/Computer Vision/diseases/PNEUMONIA_170.png,PNEUMONIA,2
348,/home/ubuntu/adithya/temp/EAMLA/Computer Vision/diseases/PNEUMONIA_15.png,PNEUMONIA,2
243,/home/ubuntu/adithya/temp/EAMLA/Computer Vision/diseases/COVID_34.png,COVID,0
793,/home/ubuntu/adithya/temp/EAMLA/Computer Vision/diseases/COVID_39.png,COVID,0
87,/home/ubuntu/adithya/temp/EAMLA/Computer Vision/diseases/COVID_125.png,COVID,0
751,/home/ubuntu/adithya/temp/EAMLA/Computer Vision/diseases/PNEUMONIA_12.png,PNEUMONIA,2
655,/home/ubuntu/adithya/temp/EAMLA/Computer Vision/diseases/NORMAL_299.png,NORMAL,1
839,/home/ubuntu/adithya/temp/EAMLA/Computer Vision/diseases/COVID_124.png,COVID,0
778,/home/ubuntu/adithya/temp/EAMLA/Computer Vision/diseases/NORMAL_81.png,NORMAL,1
418,/home/ubuntu/adithya/temp/EAMLA/Computer Vision/diseases/COVID_59.png,COVID,0
288,/home/ubuntu/adithya/temp/EAMLA/Computer Vision/diseases/PNEUMONIA_6.png,PNEUMONIA,2
648,/home/ubuntu/adithya/temp/EAMLA/Computer Vision/diseases/NORMAL_124.png,NORMAL,1
166,/home/ubuntu/adithya/temp/EAMLA/Computer Vision/diseases/NORMAL_45.png,NORMAL,1
595,/home/ubuntu/adithya/temp/EAMLA/Computer Vision/diseases/NORMAL_130.png,NORMAL,1
846,/home/ubuntu/adithya/temp/EAMLA/Computer Vision/diseases/PNEUMONIA_58.png,PNEUMONIA,2
155,/home/ubuntu/adithya/temp/EAMLA/Computer Vision/diseases/NORMAL_129.png,NORMAL,1
356,/home/ubuntu/adithya/temp/EAMLA/Computer Vision/diseases/NORMAL_12.png,NORMAL,1
381,/home/ubuntu/adithya/temp/EAMLA/Computer Vision/diseases/NORMAL_247.png,NORMAL,1
279,/home/ubuntu/adithya/temp/EAMLA/Computer Vision/diseases/COVID_205.png,COVID,0
126,/home/ubuntu/adithya/temp/EAMLA/Computer Vision/diseases/PNEUMONIA_199.png,PNEUMONIA,2
707,/home/ubuntu/adithya/temp/EAMLA/Computer Vision/diseases/COVID_182.png,COVID,0
777,/home/ubuntu/adithya/temp/EAMLA/Computer Vision/diseases/PNEUMONIA_57.png,PNEUMONIA,2
22,/home/ubuntu/adithya/temp/EAMLA/Computer Vision/diseases/NORMAL_190.png,NORMAL,1
616,/home/ubuntu/adithya/temp/EAMLA/Computer Vision/diseases/PNEUMONIA_235.png,PNEUMONIA,2
665,/home/ubuntu/adithya/temp/EAMLA/Computer Vision/diseases/COVID_47.png,COVID,0
282,/home/ubuntu/adithya/temp/EAMLA/Computer Vision/diseases/NORMAL_36.png,NORMAL,1
471,/home/ubuntu/adithya/temp/EAMLA/Computer Vision/diseases/NORMAL_235.png,NORMAL,1
738,/home/ubuntu/adithya/temp/EAMLA/Computer Vision/diseases/PNEUMONIA_85.png,PNEUMONIA,2
367,/home/ubuntu/adithya/temp/EAMLA/Computer Vision/diseases/COVID_239.png,COVID,0
25,/home/ubuntu/adithya/temp/EAMLA/Computer Vision/diseases/NORMAL_202.png,NORMAL,1
196,/home/ubuntu/adithya/temp/EAMLA/Computer Vision/diseases/NORMAL_27.png,NORMAL,1
64,/home/ubuntu/adithya/temp/EAMLA/Computer Vision/diseases/COVID_25.png,COVID,0
15,/home/ubuntu/adithya/temp/EAMLA/Computer Vision/diseases/NORMAL_121.png,NORMAL,1
466,/home/ubuntu/adithya/temp/EAMLA/Computer Vision/diseases/COVID_262.png,COVID,0
297,/home/ubuntu/adithya/temp/EAMLA/Computer Vision/diseases/COVID_127.png,COVID,0
621,/home/ubuntu/adithya/temp/EAMLA/Computer Vision/diseases/PNEUMONIA_82.png,PNEUMONIA,2
336,/home/ubuntu/adithya/temp/EAMLA/Computer Vision/diseases/PNEUMONIA_65.png,PNEUMONIA,2
820,/home/ubuntu/adithya/temp/EAMLA/Computer Vision/diseases/NORMAL_117.png,NORMAL,1
26,/home/ubuntu/adithya/temp/EAMLA/Computer Vision/diseases/COVID_201.png,COVID,0
588,/home/ubuntu/adithya/temp/EAMLA/Computer Vision/diseases/COVID_5.png,COVID,0
43,/home/ubuntu/adithya/temp/EAMLA/Computer Vision/diseases/PNEUMONIA_156.png,PNEUMONIA,2
497,/home/ubuntu/adithya/temp/EAMLA/Computer Vision/diseases/PNEUMONIA_112.png,PNEUMONIA,2
792,/home/ubuntu/adithya/temp/EAMLA/Computer Vision/diseases/PNEUMONIA.png,PNEUMONIA,2
515,/home/ubuntu/adithya/temp/EAMLA/Computer Vision/diseases/COVID_84.png,COVID,0
862,/home/ubuntu/adithya/temp/EAMLA/Computer Vision/diseases/PNEUMONIA_280.png,PNEUMONIA,2
561,/home/ubuntu/adithya/temp/EAMLA/Computer Vision/diseases/COVID_260.png,COVID,0
454,/home/ubuntu/adithya/temp/EAMLA/Computer Vision/diseases/COVID_106.png,COVID,0
387,/home/ubuntu/adithya/temp/EAMLA/Computer Vision/diseases/NORMAL_219.png,NORMAL,1
71,/home/ubuntu/adithya/temp/EAMLA/Computer Vision/diseases/NORMAL_3.png,NORMAL,1
542,/home/ubuntu/adithya/temp/EAMLA/Computer Vision/diseases/COVID_6.png,COVID,0
456,/home/ubuntu/adithya/temp/EAMLA/Computer Vision/diseases/COVID_48.png,COVID,0
633,/home/ubuntu/adithya/temp/EAMLA/Computer Vision/diseases/COVID_265.png,COVID,0
431,/home/ubuntu/adithya/temp/EAMLA/Computer Vision/diseases/PNEUMONIA_290.png,PNEUMONIA,2
627,/home/ubuntu/adithya/temp/EAMLA/Computer Vision/diseases/PNEUMONIA_183.png,PNEUMONIA,2
653,/home/ubuntu/adithya/temp/EAMLA/Computer Vision/diseases/NORMAL_122.png,NORMAL,1
728,/home/ubuntu/adithya/temp/EAMLA/Computer Vision/diseases/PNEUMONIA_188.png,PNEUMONIA,2
264,/home/ubuntu/adithya/temp/EAMLA/Computer Vision/diseases/PNEUMONIA_68.png,PNEUMONIA,2
209,/home/ubuntu/adithya/temp/EAMLA/Computer Vision/diseases/PNEUMONIA_36.png,PNEUMONIA,2
316,/home/ubuntu/adithya/temp/EAMLA/Computer Vision/diseases/COVID_14.png,COVID,0
513,/home/ubuntu/adithya/temp/EAMLA/Computer Vision/diseases/COVID_241.png,COVID,0
313,/home/ubuntu/adithya/temp/EAMLA/Computer Vision/diseases/NORMAL_111.png,NORMAL,1
534,/home/ubuntu/adithya/temp/EAMLA/Computer Vision/diseases/PNEUMONIA_132.png,PNEUMONIA,2
829,/home/ubuntu/adithya/temp/EAMLA/Computer Vision/diseases/NORMAL_80.png,NORMAL,1
319,/home/ubuntu/adithya/temp/EAMLA/Computer Vision/diseases/NORMAL_18.png,NORMAL,1
7,/home/ubuntu/adithya/temp/EAMLA/Computer Vision/diseases/COVID_229.png,COVID,0
393,/home/ubuntu/adithya/temp/EAMLA/Computer Vision/diseases/COVID_73.png,COVID,0
141,/home/ubuntu/adithya/temp/EAMLA/Computer Vision/diseases/COVID_199.png,COVID,0
86,/home/ubuntu/adithya/temp/EAMLA/Computer Vision/diseases/COVID_203.png,COVID,0
864,/home/ubuntu/adithya/temp/EAMLA/Computer Vision/diseases/PNEUMONIA_255.png,PNEUMONIA,2
478,/home/ubuntu/adithya/temp/EAMLA/Computer Vision/diseases/PNEUMONIA_14.png,PNEUMONIA,2
503,/home/ubuntu/adithya/temp/EAMLA/Computer Vision/diseases/NORMAL_210.png,NORMAL,1
753,/home/ubuntu/adithya/temp/EAMLA/Computer Vision/diseases/PNEUMONIA_221.png,PNEUMONIA,2
215,/home/ubuntu/adithya/temp/EAMLA/Computer Vision/diseases/PNEUMONIA_175.png,PNEUMONIA,2
580,/home/ubuntu/adithya/temp/EAMLA/Computer Vision/diseases/COVID_247.png,COVID,0
562,/home/ubuntu/adithya/temp/EAMLA/Computer Vision/diseases/NORMAL_225.png,NORMAL,1
398,/home/ubuntu/adithya/temp/EAMLA/Computer Vision/diseases/COVID_217.png,COVID,0
668,/home/ubuntu/adithya/temp/EAMLA/Computer Vision/diseases/NORMAL_144.png,NORMAL,1
490,/home/ubuntu/adithya/temp/EAMLA/Computer Vision/diseases/NORMAL_226.png,NORMAL,1
252,/home/ubuntu/adithya/temp/EAMLA/Computer Vision/diseases/PNEUMONIA_251.png,PNEUMONIA,2
468,/home/ubuntu/adithya/temp/EAMLA/Computer Vision/diseases/COVID_111.png,COVID,0
357,/home/ubuntu/adithya/temp/EAMLA/Computer Vision/diseases/COVID_159.png,COVID,0
254,/home/ubuntu/adithya/temp/EAMLA/Computer Vision/diseases/COVID_250.png,COVID,0
276,/home/ubuntu/adithya/temp/EAMLA/Computer Vision/diseases/NORMAL_47.png,NORMAL,1
178,/home/ubuntu/adithya/temp/EAMLA/Computer Vision/diseases/NORMAL_203.png,NORMAL,1
281,/home/ubuntu/adithya/temp/EAMLA/Computer Vision/diseases/COVID_42.png,COVID,0
390,/home/ubuntu/adithya/temp/EAMLA/Computer Vision/diseases/COVID_75.png,COVID,0
508,/home/ubuntu/adithya/temp/EAMLA/Computer Vision/diseases/COVID_112.png,COVID,0
749,/home/ubuntu/adithya/temp/EAMLA/Computer Vision/diseases/NORMAL_213.png,NORMAL,1
583,/home/ubuntu/adithya/temp/EAMLA/Computer Vision/diseases/COVID_137.png,COVID,0
129,/home/ubuntu/adithya/temp/EAMLA/Computer Vision/diseases/COVID_57.png,COVID,0
144,/home/ubuntu/adithya/temp/EAMLA/Computer Vision/diseases/COVID_214.png,COVID,0
847,/home/ubuntu/adithya/temp/EAMLA/Computer Vision/diseases/COVID_272.png,COVID,0
645,/home/ubuntu/adithya/temp/EAMLA/Computer Vision/diseases/COVID_2.png,COVID,0
715,/home/ubuntu/adithya/temp/EAMLA/Computer Vision/diseases/PNEUMONIA_185.png,PNEUMONIA,2
767,/home/ubuntu/adithya/temp/EAMLA/Computer Vision/diseases/COVID_74.png,COVID,0
72,/home/ubuntu/adithya/temp/EAMLA/Computer Vision/diseases/NORMAL_150.png,NORMAL,1
235,/home/ubuntu/adithya/temp/EAMLA/Computer Vision/diseases/NORMAL_205.png,NORMAL,1
37,/home/ubuntu/adithya/temp/EAMLA/Computer Vision/diseases/NORMAL_44.png,NORMAL,1
